{"income": 1943.0, "living_expenses": 707.16, "leisure_expenses": 595.04, "savings": 256.3200000000001, "expected_living": 971.5, "expected_leisure": 582.9, "expected_savings": 388.6, "remaining_living": 264.34000000000003, "remaining_leisure": 384.4800000000001, "remaining_savings": -132.27999999999992, "accommulated_leisure": 0, "accommulated_savings": 0, "file_date": "2022-09", "last_saved_date": "13-03-2023"}