{"income": 2679.21, "living_expenses": 853.92, "leisure_expenses": 77.71, "savings": 699.032, "expected_living": 1339.605, "expected_leisure": 803.763, "expected_savings": 535.842, "remaining_living": 485.68500000000006, "remaining_leisure": 1048.548, "remaining_savings": 163.19000000000005, "accommulated_leisure": 0, "accommulated_savings": 0, "file_date": "2022-12", "last_saved_date": "13-03-2023"}