{"income": 1818.13, "living_expenses": 0, "leisure_expenses": 75.22, "savings": 1045.746, "expected_living": 181.81300000000002, "expected_leisure": 654.5268000000001, "expected_savings": 981.7902000000001, "remaining_living": 181.81300000000002, "remaining_leisure": 697.1640000000001, "remaining_savings": 63.955799999999954, "accommulated_leisure": 3904.7780000000007, "accommulated_savings": 2758.072, "file_date": "2023-04", "last_saved_date": "02-04-2023"}