{"income": 1818.13, "living_expenses": 667.98, "leisure_expenses": 593.58, "savings": 333.94200000000006, "expected_living": 181.81300000000002, "expected_leisure": 654.5268000000001, "expected_savings": 981.7902000000001, "remaining_living": -486.16700000000003, "remaining_leisure": 222.62800000000007, "remaining_savings": -647.8482000000001, "accommulated_leisure": 3718.9140000000007, "accommulated_savings": 2479.276, "file_date": "2023-03", "last_saved_date": "21-03-2023"}