{"income": 2080.46, "living_expenses": 809.22, "leisure_expenses": 635.36, "savings": 254.35200000000006, "expected_living": 1040.23, "expected_leisure": 624.138, "expected_savings": 416.09200000000004, "remaining_living": 231.01, "remaining_leisure": 381.5280000000001, "remaining_savings": -161.73999999999998, "accommulated_leisure": 0, "accommulated_savings": 0, "file_date": "2023-01", "last_saved_date": "13-03-2023"}