{"income": 1818.13, "living_expenses": 669.13, "leisure_expenses": 198.27, "savings": 380.2920000000001, "expected_living": 909.065, "expected_leisure": 545.439, "expected_savings": 363.62600000000003, "remaining_living": 239.93500000000006, "remaining_leisure": 570.4380000000001, "remaining_savings": 16.666000000000054, "accommulated_leisure": 0, "accommulated_savings": 0, "file_date": "2023-02", "last_saved_date": "13-03-2023"}