{"income": 1818.13, "living_expenses": 626.03, "leisure_expenses": 43.59, "savings": 459.4040000000001, "expected_living": 909.065, "expected_leisure": 545.439, "expected_savings": 363.62600000000003, "remaining_living": 283.0350000000001, "remaining_leisure": 689.1060000000001, "remaining_savings": 95.77800000000008, "accommulated_leisure": 3718.9140000000007, "accommulated_savings": 2479.276, "file_date": "2023-03", "last_saved_date": "13-03-2023"}