{"income": 1818.13, "living_expenses": 667.98, "leisure_expenses": 685.49, "savings": 278.79600000000005, "expected_living": 181.81300000000002, "expected_leisure": 654.5268000000001, "expected_savings": 981.7902000000001, "remaining_living": -486.16700000000003, "remaining_leisure": 185.86400000000003, "remaining_savings": -702.9942000000001, "accommulated_leisure": 3718.9140000000007, "accommulated_savings": 2479.276, "file_date": "2023-03", "last_saved_date": "02-04-2023"}